[{"pk": 1, "fields": {"app_label": "admin", "model": "logentry"}, "model": "contenttypes.contenttype"}, {"pk": 2, "fields": {"app_label": "auth", "model": "permission"}, "model": "contenttypes.contenttype"}, {"pk": 3, "fields": {"app_label": "auth", "model": "group"}, "model": "contenttypes.contenttype"}, {"pk": 4, "fields": {"app_label": "auth", "model": "user"}, "model": "contenttypes.contenttype"}, {"pk": 5, "fields": {"app_label": "contenttypes", "model": "contenttype"}, "model": "contenttypes.contenttype"}, {"pk": 6, "fields": {"app_label": "sessions", "model": "session"}, "model": "contenttypes.contenttype"}, {"pk": 7, "fields": {"app_label": "structure", "model": "domaine"}, "model": "contenttypes.contenttype"}, {"pk": 8, "fields": {"app_label": "structure", "model": "niveau"}, "model": "contenttypes.contenttype"}, {"pk": 9, "fields": {"app_label": "structure", "model": "anneeacademique"}, "model": "contenttypes.contenttype"}, {"pk": 10, "fields": {"app_label": "structure", "model": "promotion"}, "model": "contenttypes.contenttype"}, {"pk": 11, "fields": {"app_label": "structure", "model": "etudiant"}, "model": "contenttypes.contenttype"}, {"pk": 12, "fields": {"app_label": "structure", "model": "professeur"}, "model": "contenttypes.contenttype"}, {"pk": 13, "fields": {"app_label": "structure", "model": "matiere"}, "model": "contenttypes.contenttype"}, {"pk": 14, "fields": {"app_label": "structure", "model": "horaire"}, "model": "contenttypes.contenttype"}, {"pk": 15, "fields": {"app_label": "structure", "model": "salle"}, "model": "contenttypes.contenttype"}, {"pk": 16, "fields": {"app_label": "structure", "model": "usagesalle"}, "model": "contenttypes.contenttype"}, {"pk": 17, "fields": {"app_label": "structure", "model": "appartenance"}, "model": "contenttypes.contenttype"}, {"pk": "et1m1jv9fv0fm0vad2do5yzx6bsquklq", "fields": {"expire_date": "2015-11-21T11:30:47.390Z", "session_data": "ZWFjOWQzMmQyMmM2OGU5MGU2YTY0MGQyNzIwOTE1Mjc0ZDFiMmZkNDp7Il9hdXRoX3VzZXJfaWQiOiIxIiwiX2F1dGhfdXNlcl9iYWNrZW5kIjoiZGphbmdvLmNvbnRyaWIuYXV0aC5iYWNrZW5kcy5Nb2RlbEJhY2tlbmQiLCJfYXV0aF91c2VyX2hhc2giOiIyMjczNDBjY2M4NzQ5NGVlNGNkNzUyMTkxNzE2Yjc0ZTE0ZjcwODcwIn0="}, "model": "sessions.session"}, {"pk": 1, "fields": {"nomDomaine": "Info"}, "model": "structure.domaine"}, {"pk": 2, "fields": {"nomDomaine": "Ges"}, "model": "structure.domaine"}, {"pk": 3, "fields": {"nomDomaine": "Comp"}, "model": "structure.domaine"}, {"pk": 1, "fields": {"domaine": 1, "nomNiveau": "L1"}, "model": "structure.niveau"}, {"pk": 2, "fields": {"domaine": 1, "nomNiveau": "L2"}, "model": "structure.niveau"}, {"pk": 3, "fields": {"domaine": 1, "nomNiveau": "L3"}, "model": "structure.niveau"}, {"pk": 4, "fields": {"domaine": 2, "nomNiveau": "1ere Annee"}, "model": "structure.niveau"}, {"pk": 5, "fields": {"domaine": 2, "nomNiveau": "2eme Annee"}, "model": "structure.niveau"}, {"pk": 1, "fields": {"estActuel": "0", "debutAnnee": 2014, "finAnnee": 2015}, "model": "structure.anneeacademique"}, {"pk": 2, "fields": {"estActuel": "1", "debutAnnee": 2015, "finAnnee": 2016}, "model": "structure.anneeacademique"}, {"pk": 1, "fields": {"anneeacademique": 2, "niveau": 1}, "model": "structure.promotion"}, {"pk": 2, "fields": {"anneeacademique": 2, "niveau": 2}, "model": "structure.promotion"}, {"pk": 3, "fields": {"anneeacademique": 2, "niveau": 3}, "model": "structure.promotion"}, {"pk": 4, "fields": {"anneeacademique": 2, "niveau": 4}, "model": "structure.promotion"}, {"pk": 5, "fields": {"anneeacademique": 2, "niveau": 5}, "model": "structure.promotion"}, {"pk": 6, "fields": {"anneeacademique": 1, "niveau": 1}, "model": "structure.promotion"}, {"pk": 7, "fields": {"anneeacademique": 1, "niveau": 2}, "model": "structure.promotion"}, {"pk": 8, "fields": {"anneeacademique": 1, "niveau": 3}, "model": "structure.promotion"}, {"pk": 9, "fields": {"anneeacademique": 1, "niveau": 4}, "model": "structure.promotion"}, {"pk": 10, "fields": {"anneeacademique": 1, "niveau": 5}, "model": "structure.promotion"}, {"pk": 1, "fields": {"prenom": "Rulx Philome", "nom": "Alexis", "email": "rulxphilome.alexis@gmail.com", "telephone": "50937612070"}, "model": "structure.etudiant"}, {"pk": 2, "fields": {"prenom": "Rose", "nom": "Darius", "email": "darius.rose@admin.edu", "telephone": "5093888888"}, "model": "structure.etudiant"}, {"pk": 3, "fields": {"prenom": "Chana", "nom": "Philerme", "email": "pc@esih.edu", "telephone": "5093999999"}, "model": "structure.etudiant"}, {"pk": 4, "fields": {"prenom": "Kimmerly", "nom": "Joseph", "email": "jk@esih.edu", "telephone": "5093444444"}, "model": "structure.etudiant"}, {"pk": 5, "fields": {"prenom": "Wadler", "nom": "Sejour", "email": "sw@esih.edu", "telephone": "5093457812"}, "model": "structure.etudiant"}, {"pk": 6, "fields": {"prenom": "Hollyn", "nom": "Deris", "email": "dh@esih.edu", "telephone": "5093894523"}, "model": "structure.etudiant"}, {"pk": 7, "fields": {"prenom": "Esdras", "nom": "Suy", "email": "se@esih.edu", "telephone": "5093781289"}, "model": "structure.etudiant"}, {"pk": 8, "fields": {"prenom": "Chantale", "nom": "Eugene", "email": "ec@esih.edu", "telephone": "50937205175"}, "model": "structure.etudiant"}, {"pk": 1, "fields": {"etudiant": 1, "promotion": 3}, "model": "structure.appartenance"}, {"pk": 2, "fields": {"etudiant": 1, "promotion": 7}, "model": "structure.appartenance"}, {"pk": 3, "fields": {"etudiant": 2, "promotion": 5}, "model": "structure.appartenance"}, {"pk": 4, "fields": {"etudiant": 3, "promotion": 3}, "model": "structure.appartenance"}, {"pk": 5, "fields": {"etudiant": 6, "promotion": 2}, "model": "structure.appartenance"}, {"pk": 6, "fields": {"etudiant": 6, "promotion": 6}, "model": "structure.appartenance"}, {"pk": 2, "fields": {"prenom": "Junot", "nom": "Cacoq", "email": "cj@esih.edu", "telephone": "5093000000"}, "model": "structure.professeur"}, {"pk": 3, "fields": {"prenom": "Lys Junior", "nom": "Pierre", "email": "plj@esih.edu", "telephone": "5093111111"}, "model": "structure.professeur"}, {"pk": 4, "fields": {"prenom": "Richardson", "nom": "Ciguene", "email": "cr@esih.edu", "telephone": "5093222222"}, "model": "structure.professeur"}, {"pk": 5, "fields": {"prenom": "Crispin Ricardo", "nom": "Millord", "email": "mcr@esih.edu", "telephone": "5093333333"}, "model": "structure.professeur"}, {"pk": 6, "fields": {"prenom": "Gabriel", "nom": "Duvalsaint", "email": "dg@esih.edu", "telephone": "5093444444"}, "model": "structure.professeur"}, {"pk": 7, "fields": {"prenom": "Camille", "nom": "Desire", "email": "dc@esih.edu", "telephone": "5093555555"}, "model": "structure.professeur"}, {"pk": 8, "fields": {"prenom": "Willio", "nom": "Saint Preux", "email": "spw@esih.edu", "telephone": "5093666666"}, "model": "structure.professeur"}, {"pk": 1, "fields": {"nomMatiere": "Mathematiques"}, "model": "structure.matiere"}, {"pk": 2, "fields": {"nomMatiere": "Programmtion Fondamentale"}, "model": "structure.matiere"}, {"pk": 3, "fields": {"nomMatiere": "Programmation C/C++"}, "model": "structure.matiere"}, {"pk": 4, "fields": {"nomMatiere": "Python"}, "model": "structure.matiere"}, {"pk": 5, "fields": {"nomMatiere": "Analyse des Circuits"}, "model": "structure.matiere"}, {"pk": 6, "fields": {"nomMatiere": "Java"}, "model": "structure.matiere"}, {"pk": 7, "fields": {"nomMatiere": "SqlServer"}, "model": "structure.matiere"}, {"pk": 8, "fields": {"nomMatiere": "Windows Server"}, "model": "structure.matiere"}, {"pk": 9, "fields": {"nomMatiere": "Statistiques"}, "model": "structure.matiere"}, {"pk": 10, "fields": {"nomMatiere": "Initiation a la Comptabilite"}, "model": "structure.matiere"}, {"pk": 11, "fields": {"nomMatiere": "Linux"}, "model": "structure.matiere"}, {"pk": 1, "fields": {"heureDebut": "06:00:00", "heureFin": "12:00:00", "matiere": 1, "promotion": 3, "jourMatiere": "1", "professeur": 2}, "model": "structure.horaire"}, {"pk": 2, "fields": {"heureDebut": "06:00:00", "heureFin": "12:00:00", "matiere": 7, "promotion": 3, "jourMatiere": "2", "professeur": 3}, "model": "structure.horaire"}, {"pk": 3, "fields": {"heureDebut": "06:00:00", "heureFin": "12:00:00", "matiere": 2, "promotion": 1, "jourMatiere": "1", "professeur": 7}, "model": "structure.horaire"}, {"pk": 4, "fields": {"heureDebut": "06:00:00", "heureFin": "12:00:00", "matiere": 10, "promotion": 1, "jourMatiere": "2", "professeur": 7}, "model": "structure.horaire"}, {"pk": 1, "fields": {"nomSalle": "Salle 1"}, "model": "structure.salle"}, {"pk": 2, "fields": {"nomSalle": "Salle 2"}, "model": "structure.salle"}, {"pk": 3, "fields": {"nomSalle": "Salle 3"}, "model": "structure.salle"}, {"pk": 4, "fields": {"nomSalle": "Salle 4"}, "model": "structure.salle"}, {"pk": 5, "fields": {"nomSalle": "Salle 5"}, "model": "structure.salle"}, {"pk": 6, "fields": {"nomSalle": "Salle 6"}, "model": "structure.salle"}, {"pk": 7, "fields": {"nomSalle": "Salle 7"}, "model": "structure.salle"}, {"pk": 1, "fields": {"salle": 1, "promotion": 1}, "model": "structure.usagesalle"}, {"pk": 2, "fields": {"salle": 2, "promotion": 2}, "model": "structure.usagesalle"}, {"pk": 3, "fields": {"salle": 3, "promotion": 3}, "model": "structure.usagesalle"}, {"pk": 4, "fields": {"salle": 4, "promotion": 4}, "model": "structure.usagesalle"}, {"pk": 5, "fields": {"salle": 5, "promotion": 5}, "model": "structure.usagesalle"}, {"pk": 6, "fields": {"salle": 7, "promotion": 6}, "model": "structure.usagesalle"}, {"pk": 7, "fields": {"salle": 6, "promotion": 8}, "model": "structure.usagesalle"}, {"pk": 8, "fields": {"salle": 4, "promotion": 10}, "model": "structure.usagesalle"}, {"pk": 1, "fields": {"content_type": 1, "name": "Can add log entry", "codename": "add_logentry"}, "model": "auth.permission"}, {"pk": 2, "fields": {"content_type": 1, "name": "Can change log entry", "codename": "change_logentry"}, "model": "auth.permission"}, {"pk": 3, "fields": {"content_type": 1, "name": "Can delete log entry", "codename": "delete_logentry"}, "model": "auth.permission"}, {"pk": 4, "fields": {"content_type": 2, "name": "Can add permission", "codename": "add_permission"}, "model": "auth.permission"}, {"pk": 5, "fields": {"content_type": 2, "name": "Can change permission", "codename": "change_permission"}, "model": "auth.permission"}, {"pk": 6, "fields": {"content_type": 2, "name": "Can delete permission", "codename": "delete_permission"}, "model": "auth.permission"}, {"pk": 7, "fields": {"content_type": 3, "name": "Can add group", "codename": "add_group"}, "model": "auth.permission"}, {"pk": 8, "fields": {"content_type": 3, "name": "Can change group", "codename": "change_group"}, "model": "auth.permission"}, {"pk": 9, "fields": {"content_type": 3, "name": "Can delete group", "codename": "delete_group"}, "model": "auth.permission"}, {"pk": 10, "fields": {"content_type": 4, "name": "Can add user", "codename": "add_user"}, "model": "auth.permission"}, {"pk": 11, "fields": {"content_type": 4, "name": "Can change user", "codename": "change_user"}, "model": "auth.permission"}, {"pk": 12, "fields": {"content_type": 4, "name": "Can delete user", "codename": "delete_user"}, "model": "auth.permission"}, {"pk": 13, "fields": {"content_type": 5, "name": "Can add content type", "codename": "add_contenttype"}, "model": "auth.permission"}, {"pk": 14, "fields": {"content_type": 5, "name": "Can change content type", "codename": "change_contenttype"}, "model": "auth.permission"}, {"pk": 15, "fields": {"content_type": 5, "name": "Can delete content type", "codename": "delete_contenttype"}, "model": "auth.permission"}, {"pk": 16, "fields": {"content_type": 6, "name": "Can add session", "codename": "add_session"}, "model": "auth.permission"}, {"pk": 17, "fields": {"content_type": 6, "name": "Can change session", "codename": "change_session"}, "model": "auth.permission"}, {"pk": 18, "fields": {"content_type": 6, "name": "Can delete session", "codename": "delete_session"}, "model": "auth.permission"}, {"pk": 19, "fields": {"content_type": 7, "name": "Can add domaine", "codename": "add_domaine"}, "model": "auth.permission"}, {"pk": 20, "fields": {"content_type": 7, "name": "Can change domaine", "codename": "change_domaine"}, "model": "auth.permission"}, {"pk": 21, "fields": {"content_type": 7, "name": "Can delete domaine", "codename": "delete_domaine"}, "model": "auth.permission"}, {"pk": 22, "fields": {"content_type": 8, "name": "Can add niveau", "codename": "add_niveau"}, "model": "auth.permission"}, {"pk": 23, "fields": {"content_type": 8, "name": "Can change niveau", "codename": "change_niveau"}, "model": "auth.permission"}, {"pk": 24, "fields": {"content_type": 8, "name": "Can delete niveau", "codename": "delete_niveau"}, "model": "auth.permission"}, {"pk": 25, "fields": {"content_type": 9, "name": "Can add anneeacademique", "codename": "add_anneeacademique"}, "model": "auth.permission"}, {"pk": 26, "fields": {"content_type": 9, "name": "Can change anneeacademique", "codename": "change_anneeacademique"}, "model": "auth.permission"}, {"pk": 27, "fields": {"content_type": 9, "name": "Can delete anneeacademique", "codename": "delete_anneeacademique"}, "model": "auth.permission"}, {"pk": 28, "fields": {"content_type": 10, "name": "Can add promotion", "codename": "add_promotion"}, "model": "auth.permission"}, {"pk": 29, "fields": {"content_type": 10, "name": "Can change promotion", "codename": "change_promotion"}, "model": "auth.permission"}, {"pk": 30, "fields": {"content_type": 10, "name": "Can delete promotion", "codename": "delete_promotion"}, "model": "auth.permission"}, {"pk": 31, "fields": {"content_type": 11, "name": "Can add etudiant", "codename": "add_etudiant"}, "model": "auth.permission"}, {"pk": 32, "fields": {"content_type": 11, "name": "Can change etudiant", "codename": "change_etudiant"}, "model": "auth.permission"}, {"pk": 33, "fields": {"content_type": 11, "name": "Can delete etudiant", "codename": "delete_etudiant"}, "model": "auth.permission"}, {"pk": 34, "fields": {"content_type": 12, "name": "Can add professeur", "codename": "add_professeur"}, "model": "auth.permission"}, {"pk": 35, "fields": {"content_type": 12, "name": "Can change professeur", "codename": "change_professeur"}, "model": "auth.permission"}, {"pk": 36, "fields": {"content_type": 12, "name": "Can delete professeur", "codename": "delete_professeur"}, "model": "auth.permission"}, {"pk": 37, "fields": {"content_type": 13, "name": "Can add matiere", "codename": "add_matiere"}, "model": "auth.permission"}, {"pk": 38, "fields": {"content_type": 13, "name": "Can change matiere", "codename": "change_matiere"}, "model": "auth.permission"}, {"pk": 39, "fields": {"content_type": 13, "name": "Can delete matiere", "codename": "delete_matiere"}, "model": "auth.permission"}, {"pk": 40, "fields": {"content_type": 14, "name": "Can add horaire", "codename": "add_horaire"}, "model": "auth.permission"}, {"pk": 41, "fields": {"content_type": 14, "name": "Can change horaire", "codename": "change_horaire"}, "model": "auth.permission"}, {"pk": 42, "fields": {"content_type": 14, "name": "Can delete horaire", "codename": "delete_horaire"}, "model": "auth.permission"}, {"pk": 43, "fields": {"content_type": 15, "name": "Can add salle", "codename": "add_salle"}, "model": "auth.permission"}, {"pk": 44, "fields": {"content_type": 15, "name": "Can change salle", "codename": "change_salle"}, "model": "auth.permission"}, {"pk": 45, "fields": {"content_type": 15, "name": "Can delete salle", "codename": "delete_salle"}, "model": "auth.permission"}, {"pk": 46, "fields": {"content_type": 16, "name": "Can add usage salle", "codename": "add_usagesalle"}, "model": "auth.permission"}, {"pk": 47, "fields": {"content_type": 16, "name": "Can change usage salle", "codename": "change_usagesalle"}, "model": "auth.permission"}, {"pk": 48, "fields": {"content_type": 16, "name": "Can delete usage salle", "codename": "delete_usagesalle"}, "model": "auth.permission"}, {"pk": 49, "fields": {"content_type": 17, "name": "Can add appartenance", "codename": "add_appartenance"}, "model": "auth.permission"}, {"pk": 50, "fields": {"content_type": 17, "name": "Can change appartenance", "codename": "change_appartenance"}, "model": "auth.permission"}, {"pk": 51, "fields": {"content_type": 17, "name": "Can delete appartenance", "codename": "delete_appartenance"}, "model": "auth.permission"}, {"pk": 1, "fields": {"first_name": "", "email": "admin@esih.edu", "is_active": true, "last_name": "", "last_login": "2015-11-07T11:30:47.343Z", "groups": [], "is_staff": true, "is_superuser": true, "username": "admin", "password": "pbkdf2_sha256$20000$766zzan1n7E2$pjOHG1ZUtaN9mBIZ8qaoshbSFVqdl6QlL8EpN138iFg=", "date_joined": "2015-11-07T11:29:41.928Z", "user_permissions": []}, "model": "auth.user"}, {"pk": 1, "fields": {"object_id": "2", "user": 1, "change_message": "", "object_repr": "zoealex", "action_flag": 1, "content_type": 4, "action_time": "2015-11-07T11:31:38.797Z"}, "model": "admin.logentry"}, {"pk": 2, "fields": {"object_id": "2", "user": 1, "change_message": "Changed first_name, last_name, email, is_staff and user_permissions.", "object_repr": "zoealex", "action_flag": 2, "content_type": 4, "action_time": "2015-11-07T11:34:50.125Z"}, "model": "admin.logentry"}, {"pk": 3, "fields": {"object_id": "1", "user": 1, "change_message": "", "object_repr": "Rulx Philome Alexis", "action_flag": 1, "content_type": 12, "action_time": "2015-11-07T12:08:23.135Z"}, "model": "admin.logentry"}, {"pk": 4, "fields": {"object_id": "2", "user": 1, "change_message": "", "object_repr": "zoealex", "action_flag": 3, "content_type": 4, "action_time": "2015-11-07T13:03:12.580Z"}, "model": "admin.logentry"}, {"pk": 5, "fields": {"object_id": "1", "user": 1, "change_message": "", "object_repr": "Info", "action_flag": 1, "content_type": 7, "action_time": "2015-11-07T13:03:29.714Z"}, "model": "admin.logentry"}, {"pk": 6, "fields": {"object_id": "2", "user": 1, "change_message": "", "object_repr": "Ges", "action_flag": 1, "content_type": 7, "action_time": "2015-11-07T13:03:33.345Z"}, "model": "admin.logentry"}, {"pk": 7, "fields": {"object_id": "3", "user": 1, "change_message": "", "object_repr": "Comp", "action_flag": 1, "content_type": 7, "action_time": "2015-11-07T13:03:37.784Z"}, "model": "admin.logentry"}, {"pk": 8, "fields": {"object_id": "1", "user": 1, "change_message": "", "object_repr": "2014/2015", "action_flag": 1, "content_type": 9, "action_time": "2015-11-07T13:06:19.415Z"}, "model": "admin.logentry"}, {"pk": 9, "fields": {"object_id": "2", "user": 1, "change_message": "", "object_repr": "2015/2016", "action_flag": 1, "content_type": 9, "action_time": "2015-11-07T13:06:33.686Z"}, "model": "admin.logentry"}, {"pk": 10, "fields": {"object_id": "1", "user": 1, "change_message": "", "object_repr": "L1,Info", "action_flag": 1, "content_type": 8, "action_time": "2015-11-07T13:07:26.755Z"}, "model": "admin.logentry"}, {"pk": 11, "fields": {"object_id": "2", "user": 1, "change_message": "", "object_repr": "L2,Info", "action_flag": 1, "content_type": 8, "action_time": "2015-11-07T13:07:33.009Z"}, "model": "admin.logentry"}, {"pk": 12, "fields": {"object_id": "3", "user": 1, "change_message": "", "object_repr": "L3,Info", "action_flag": 1, "content_type": 8, "action_time": "2015-11-07T13:07:42.635Z"}, "model": "admin.logentry"}, {"pk": 13, "fields": {"object_id": "4", "user": 1, "change_message": "", "object_repr": "1ere Annee,Ges", "action_flag": 1, "content_type": 8, "action_time": "2015-11-07T13:07:53.090Z"}, "model": "admin.logentry"}, {"pk": 14, "fields": {"object_id": "5", "user": 1, "change_message": "", "object_repr": "2eme Annee,Ges", "action_flag": 1, "content_type": 8, "action_time": "2015-11-07T13:08:06.096Z"}, "model": "admin.logentry"}, {"pk": 15, "fields": {"object_id": "1", "user": 1, "change_message": "", "object_repr": "L1:2015/2016", "action_flag": 1, "content_type": 10, "action_time": "2015-11-07T13:08:49.508Z"}, "model": "admin.logentry"}, {"pk": 16, "fields": {"object_id": "2", "user": 1, "change_message": "", "object_repr": "L2:2015/2016", "action_flag": 1, "content_type": 10, "action_time": "2015-11-07T13:08:57.419Z"}, "model": "admin.logentry"}, {"pk": 17, "fields": {"object_id": "3", "user": 1, "change_message": "", "object_repr": "L3:2015/2016", "action_flag": 1, "content_type": 10, "action_time": "2015-11-07T13:09:09.379Z"}, "model": "admin.logentry"}, {"pk": 18, "fields": {"object_id": "4", "user": 1, "change_message": "", "object_repr": "1ere Annee:2015/2016", "action_flag": 1, "content_type": 10, "action_time": "2015-11-07T13:09:16.113Z"}, "model": "admin.logentry"}, {"pk": 19, "fields": {"object_id": "5", "user": 1, "change_message": "", "object_repr": "2eme Annee:2015/2016", "action_flag": 1, "content_type": 10, "action_time": "2015-11-07T13:09:22.545Z"}, "model": "admin.logentry"}, {"pk": 20, "fields": {"object_id": "6", "user": 1, "change_message": "", "object_repr": "L1:2014/2015", "action_flag": 1, "content_type": 10, "action_time": "2015-11-07T13:09:29.010Z"}, "model": "admin.logentry"}, {"pk": 21, "fields": {"object_id": "7", "user": 1, "change_message": "", "object_repr": "L2:2014/2015", "action_flag": 1, "content_type": 10, "action_time": "2015-11-07T13:09:33.890Z"}, "model": "admin.logentry"}, {"pk": 22, "fields": {"object_id": "8", "user": 1, "change_message": "", "object_repr": "L3:2014/2015", "action_flag": 1, "content_type": 10, "action_time": "2015-11-07T13:09:41.492Z"}, "model": "admin.logentry"}, {"pk": 23, "fields": {"object_id": "9", "user": 1, "change_message": "", "object_repr": "1ere Annee:2014/2015", "action_flag": 1, "content_type": 10, "action_time": "2015-11-07T13:09:47.306Z"}, "model": "admin.logentry"}, {"pk": 24, "fields": {"object_id": "10", "user": 1, "change_message": "", "object_repr": "2eme Annee:2014/2015", "action_flag": 1, "content_type": 10, "action_time": "2015-11-07T13:09:54.062Z"}, "model": "admin.logentry"}, {"pk": 25, "fields": {"object_id": "1", "user": 1, "change_message": "", "object_repr": "Salle 1", "action_flag": 1, "content_type": 15, "action_time": "2015-11-07T13:10:39.522Z"}, "model": "admin.logentry"}, {"pk": 26, "fields": {"object_id": "2", "user": 1, "change_message": "", "object_repr": "Salle 2", "action_flag": 1, "content_type": 15, "action_time": "2015-11-07T13:10:48.614Z"}, "model": "admin.logentry"}, {"pk": 27, "fields": {"object_id": "3", "user": 1, "change_message": "", "object_repr": "Salle 3", "action_flag": 1, "content_type": 15, "action_time": "2015-11-07T13:10:55.078Z"}, "model": "admin.logentry"}, {"pk": 28, "fields": {"object_id": "4", "user": 1, "change_message": "", "object_repr": "Salle 4", "action_flag": 1, "content_type": 15, "action_time": "2015-11-07T13:10:59.864Z"}, "model": "admin.logentry"}, {"pk": 29, "fields": {"object_id": "5", "user": 1, "change_message": "", "object_repr": "Salle 5", "action_flag": 1, "content_type": 15, "action_time": "2015-11-07T13:11:03.919Z"}, "model": "admin.logentry"}, {"pk": 30, "fields": {"object_id": "6", "user": 1, "change_message": "", "object_repr": "Salle 6", "action_flag": 1, "content_type": 15, "action_time": "2015-11-07T13:11:09.648Z"}, "model": "admin.logentry"}, {"pk": 31, "fields": {"object_id": "7", "user": 1, "change_message": "", "object_repr": "Salle 7", "action_flag": 1, "content_type": 15, "action_time": "2015-11-07T13:11:15.415Z"}, "model": "admin.logentry"}, {"pk": 32, "fields": {"object_id": "1", "user": 1, "change_message": "", "object_repr": "Salle 1", "action_flag": 1, "content_type": 16, "action_time": "2015-11-07T13:11:43.966Z"}, "model": "admin.logentry"}, {"pk": 33, "fields": {"object_id": "2", "user": 1, "change_message": "", "object_repr": "Salle 2", "action_flag": 1, "content_type": 16, "action_time": "2015-11-07T13:11:49.585Z"}, "model": "admin.logentry"}, {"pk": 34, "fields": {"object_id": "3", "user": 1, "change_message": "", "object_repr": "Salle 3", "action_flag": 1, "content_type": 16, "action_time": "2015-11-07T13:11:57.329Z"}, "model": "admin.logentry"}, {"pk": 35, "fields": {"object_id": "4", "user": 1, "change_message": "", "object_repr": "Salle 4", "action_flag": 1, "content_type": 16, "action_time": "2015-11-07T13:12:09.258Z"}, "model": "admin.logentry"}, {"pk": 36, "fields": {"object_id": "5", "user": 1, "change_message": "", "object_repr": "Salle 5", "action_flag": 1, "content_type": 16, "action_time": "2015-11-07T13:12:16.618Z"}, "model": "admin.logentry"}, {"pk": 37, "fields": {"object_id": "6", "user": 1, "change_message": "", "object_repr": "Salle 7", "action_flag": 1, "content_type": 16, "action_time": "2015-11-07T13:12:25.209Z"}, "model": "admin.logentry"}, {"pk": 38, "fields": {"object_id": "7", "user": 1, "change_message": "", "object_repr": "Salle 6", "action_flag": 1, "content_type": 16, "action_time": "2015-11-07T13:12:35.619Z"}, "model": "admin.logentry"}, {"pk": 39, "fields": {"object_id": "8", "user": 1, "change_message": "", "object_repr": "Salle 4", "action_flag": 1, "content_type": 16, "action_time": "2015-11-07T13:12:43.344Z"}, "model": "admin.logentry"}, {"pk": 40, "fields": {"object_id": "1", "user": 1, "change_message": "", "object_repr": "Mathematiques", "action_flag": 1, "content_type": 13, "action_time": "2015-11-07T13:13:28.095Z"}, "model": "admin.logentry"}, {"pk": 41, "fields": {"object_id": "2", "user": 1, "change_message": "", "object_repr": "Programmtion Fondamentale", "action_flag": 1, "content_type": 13, "action_time": "2015-11-07T13:13:40.972Z"}, "model": "admin.logentry"}, {"pk": 42, "fields": {"object_id": "3", "user": 1, "change_message": "", "object_repr": "Programmation C/C++", "action_flag": 1, "content_type": 13, "action_time": "2015-11-07T13:13:51.952Z"}, "model": "admin.logentry"}, {"pk": 43, "fields": {"object_id": "4", "user": 1, "change_message": "", "object_repr": "Python", "action_flag": 1, "content_type": 13, "action_time": "2015-11-07T13:13:59.005Z"}, "model": "admin.logentry"}, {"pk": 44, "fields": {"object_id": "5", "user": 1, "change_message": "", "object_repr": "Analyse des Circuits", "action_flag": 1, "content_type": 13, "action_time": "2015-11-07T13:14:06.709Z"}, "model": "admin.logentry"}, {"pk": 45, "fields": {"object_id": "6", "user": 1, "change_message": "", "object_repr": "Java", "action_flag": 1, "content_type": 13, "action_time": "2015-11-07T13:19:03.587Z"}, "model": "admin.logentry"}, {"pk": 46, "fields": {"object_id": "7", "user": 1, "change_message": "", "object_repr": "SqlServer", "action_flag": 1, "content_type": 13, "action_time": "2015-11-07T13:19:09.039Z"}, "model": "admin.logentry"}, {"pk": 47, "fields": {"object_id": "8", "user": 1, "change_message": "", "object_repr": "Windows Server", "action_flag": 1, "content_type": 13, "action_time": "2015-11-07T13:19:15.605Z"}, "model": "admin.logentry"}, {"pk": 48, "fields": {"object_id": "9", "user": 1, "change_message": "", "object_repr": "Statistiques", "action_flag": 1, "content_type": 13, "action_time": "2015-11-07T13:19:37.989Z"}, "model": "admin.logentry"}, {"pk": 49, "fields": {"object_id": "10", "user": 1, "change_message": "", "object_repr": "Initiation a la Comptabilite", "action_flag": 1, "content_type": 13, "action_time": "2015-11-07T13:19:57.492Z"}, "model": "admin.logentry"}, {"pk": 50, "fields": {"object_id": "1", "user": 1, "change_message": "", "object_repr": "Rulx Philome Alexis", "action_flag": 3, "content_type": 12, "action_time": "2015-11-07T13:20:57.077Z"}, "model": "admin.logentry"}, {"pk": 51, "fields": {"object_id": "2", "user": 1, "change_message": "", "object_repr": "Junot Cacoq", "action_flag": 1, "content_type": 12, "action_time": "2015-11-07T13:21:22.177Z"}, "model": "admin.logentry"}, {"pk": 52, "fields": {"object_id": "3", "user": 1, "change_message": "", "object_repr": "Lys Junior Pierre", "action_flag": 1, "content_type": 12, "action_time": "2015-11-07T13:21:40.306Z"}, "model": "admin.logentry"}, {"pk": 53, "fields": {"object_id": "4", "user": 1, "change_message": "", "object_repr": "Richardson Ciguene", "action_flag": 1, "content_type": 12, "action_time": "2015-11-07T13:22:02.385Z"}, "model": "admin.logentry"}, {"pk": 54, "fields": {"object_id": "5", "user": 1, "change_message": "", "object_repr": "Crispin Ricardo Millord", "action_flag": 1, "content_type": 12, "action_time": "2015-11-07T13:22:24.684Z"}, "model": "admin.logentry"}, {"pk": 55, "fields": {"object_id": "6", "user": 1, "change_message": "", "object_repr": "Gabriel Duvalsaint", "action_flag": 1, "content_type": 12, "action_time": "2015-11-07T13:23:25.517Z"}, "model": "admin.logentry"}, {"pk": 56, "fields": {"object_id": "7", "user": 1, "change_message": "", "object_repr": "Camille Desire", "action_flag": 1, "content_type": 12, "action_time": "2015-11-07T13:23:58.158Z"}, "model": "admin.logentry"}, {"pk": 57, "fields": {"object_id": "8", "user": 1, "change_message": "", "object_repr": "Willio Saint Preux", "action_flag": 1, "content_type": 12, "action_time": "2015-11-07T13:24:38.959Z"}, "model": "admin.logentry"}, {"pk": 58, "fields": {"object_id": "11", "user": 1, "change_message": "", "object_repr": "Linux", "action_flag": 1, "content_type": 13, "action_time": "2015-11-07T13:24:51.605Z"}, "model": "admin.logentry"}, {"pk": 59, "fields": {"object_id": "1", "user": 1, "change_message": "", "object_repr": "Rulx Philome Alexis", "action_flag": 1, "content_type": 11, "action_time": "2015-11-07T13:25:25.732Z"}, "model": "admin.logentry"}, {"pk": 60, "fields": {"object_id": "2", "user": 1, "change_message": "", "object_repr": "Rose Darius", "action_flag": 1, "content_type": 11, "action_time": "2015-11-07T13:25:46.294Z"}, "model": "admin.logentry"}, {"pk": 61, "fields": {"object_id": "3", "user": 1, "change_message": "", "object_repr": "Chana Philerme", "action_flag": 1, "content_type": 11, "action_time": "2015-11-07T13:26:06.229Z"}, "model": "admin.logentry"}, {"pk": 62, "fields": {"object_id": "4", "user": 1, "change_message": "", "object_repr": "Kimmerly Joseph", "action_flag": 1, "content_type": 11, "action_time": "2015-11-07T13:26:34.145Z"}, "model": "admin.logentry"}, {"pk": 63, "fields": {"object_id": "5", "user": 1, "change_message": "", "object_repr": "Wadler Sejour", "action_flag": 1, "content_type": 11, "action_time": "2015-11-07T13:27:01.503Z"}, "model": "admin.logentry"}, {"pk": 64, "fields": {"object_id": "6", "user": 1, "change_message": "", "object_repr": "Hollyn Deris", "action_flag": 1, "content_type": 11, "action_time": "2015-11-07T13:27:26.127Z"}, "model": "admin.logentry"}, {"pk": 65, "fields": {"object_id": "7", "user": 1, "change_message": "", "object_repr": "Esdras Suy", "action_flag": 1, "content_type": 11, "action_time": "2015-11-07T13:27:41.435Z"}, "model": "admin.logentry"}, {"pk": 66, "fields": {"object_id": "8", "user": 1, "change_message": "", "object_repr": "Chantale Eugene", "action_flag": 1, "content_type": 11, "action_time": "2015-11-07T13:28:06.355Z"}, "model": "admin.logentry"}, {"pk": 67, "fields": {"object_id": "1", "user": 1, "change_message": "", "object_repr": "Appartenance object", "action_flag": 1, "content_type": 17, "action_time": "2015-11-07T13:28:55.856Z"}, "model": "admin.logentry"}, {"pk": 68, "fields": {"object_id": "2", "user": 1, "change_message": "", "object_repr": "Appartenance object", "action_flag": 1, "content_type": 17, "action_time": "2015-11-07T13:29:07.932Z"}, "model": "admin.logentry"}, {"pk": 69, "fields": {"object_id": "3", "user": 1, "change_message": "", "object_repr": "Appartenance object", "action_flag": 1, "content_type": 17, "action_time": "2015-11-07T13:29:27.857Z"}, "model": "admin.logentry"}, {"pk": 70, "fields": {"object_id": "4", "user": 1, "change_message": "", "object_repr": "Appartenance object", "action_flag": 1, "content_type": 17, "action_time": "2015-11-07T13:29:34.861Z"}, "model": "admin.logentry"}, {"pk": 71, "fields": {"object_id": "5", "user": 1, "change_message": "", "object_repr": "Appartenance object", "action_flag": 1, "content_type": 17, "action_time": "2015-11-07T13:29:43.095Z"}, "model": "admin.logentry"}, {"pk": 72, "fields": {"object_id": "6", "user": 1, "change_message": "", "object_repr": "Appartenance object", "action_flag": 1, "content_type": 17, "action_time": "2015-11-07T13:30:12.438Z"}, "model": "admin.logentry"}, {"pk": 73, "fields": {"object_id": "1", "user": 1, "change_message": "", "object_repr": "Horaire object", "action_flag": 1, "content_type": 14, "action_time": "2015-11-07T13:32:40.715Z"}, "model": "admin.logentry"}, {"pk": 74, "fields": {"object_id": "2", "user": 1, "change_message": "", "object_repr": "Horaire object", "action_flag": 1, "content_type": 14, "action_time": "2015-11-07T13:33:48.102Z"}, "model": "admin.logentry"}, {"pk": 75, "fields": {"object_id": "3", "user": 1, "change_message": "", "object_repr": "Horaire object", "action_flag": 1, "content_type": 14, "action_time": "2015-11-07T13:34:25.846Z"}, "model": "admin.logentry"}, {"pk": 76, "fields": {"object_id": "4", "user": 1, "change_message": "", "object_repr": "Horaire object", "action_flag": 1, "content_type": 14, "action_time": "2015-11-07T13:34:48.358Z"}, "model": "admin.logentry"}]