[{"fields": {"nomDomaine": "Info"}, "pk": 1, "model": "structure.domaine"}, {"fields": {"nomDomaine": "Ges"}, "pk": 2, "model": "structure.domaine"}, {"fields": {"nomDomaine": "Comp"}, "pk": 3, "model": "structure.domaine"}, {"fields": {"domaine": 1, "nomNiveau": "L1"}, "pk": 1, "model": "structure.niveau"}, {"fields": {"domaine": 1, "nomNiveau": "L2"}, "pk": 2, "model": "structure.niveau"}, {"fields": {"domaine": 1, "nomNiveau": "L3"}, "pk": 3, "model": "structure.niveau"}, {"fields": {"domaine": 2, "nomNiveau": "1ere Annee"}, "pk": 4, "model": "structure.niveau"}, {"fields": {"domaine": 2, "nomNiveau": "2eme Annee"}, "pk": 5, "model": "structure.niveau"}, {"fields": {"finAnnee": 2015, "estActuel": "0", "debutAnnee": 2014}, "pk": 1, "model": "structure.anneeacademique"}, {"fields": {"finAnnee": 2016, "estActuel": "1", "debutAnnee": 2015}, "pk": 2, "model": "structure.anneeacademique"}, {"fields": {"niveau": 1, "anneeacademique": 2}, "pk": 1, "model": "structure.promotion"}, {"fields": {"niveau": 2, "anneeacademique": 2}, "pk": 2, "model": "structure.promotion"}, {"fields": {"niveau": 3, "anneeacademique": 2}, "pk": 3, "model": "structure.promotion"}, {"fields": {"niveau": 4, "anneeacademique": 2}, "pk": 4, "model": "structure.promotion"}, {"fields": {"niveau": 5, "anneeacademique": 2}, "pk": 5, "model": "structure.promotion"}, {"fields": {"niveau": 1, "anneeacademique": 1}, "pk": 6, "model": "structure.promotion"}, {"fields": {"niveau": 2, "anneeacademique": 1}, "pk": 7, "model": "structure.promotion"}, {"fields": {"niveau": 3, "anneeacademique": 1}, "pk": 8, "model": "structure.promotion"}, {"fields": {"niveau": 4, "anneeacademique": 1}, "pk": 9, "model": "structure.promotion"}, {"fields": {"niveau": 5, "anneeacademique": 1}, "pk": 10, "model": "structure.promotion"}, {"fields": {"prenom": "Rulx Philome", "telephone": "50937612070", "nom": "Alexis", "email": "rulxphilome.alexis@gmail.com"}, "pk": 1, "model": "structure.etudiant"}, {"fields": {"prenom": "Rose", "telephone": "5093888888", "nom": "Darius", "email": "darius.rose@admin.edu"}, "pk": 2, "model": "structure.etudiant"}, {"fields": {"prenom": "Chana", "telephone": "5093999999", "nom": "Philerme", "email": "pc@esih.edu"}, "pk": 3, "model": "structure.etudiant"}, {"fields": {"prenom": "Kimmerly", "telephone": "5093444444", "nom": "Joseph", "email": "jk@esih.edu"}, "pk": 4, "model": "structure.etudiant"}, {"fields": {"prenom": "Wadler", "telephone": "5093457812", "nom": "Sejour", "email": "sw@esih.edu"}, "pk": 5, "model": "structure.etudiant"}, {"fields": {"prenom": "Hollyn", "telephone": "5093894523", "nom": "Deris", "email": "dh@esih.edu"}, "pk": 6, "model": "structure.etudiant"}, {"fields": {"prenom": "Esdras", "telephone": "5093781289", "nom": "Suy", "email": "se@esih.edu"}, "pk": 7, "model": "structure.etudiant"}, {"fields": {"prenom": "Chantale", "telephone": "50937205175", "nom": "Eugene", "email": "ec@esih.edu"}, "pk": 8, "model": "structure.etudiant"}, {"fields": {"promotion": 3, "etudiant": 1}, "pk": 1, "model": "structure.appartenance"}, {"fields": {"promotion": 7, "etudiant": 1}, "pk": 2, "model": "structure.appartenance"}, {"fields": {"promotion": 5, "etudiant": 2}, "pk": 3, "model": "structure.appartenance"}, {"fields": {"promotion": 3, "etudiant": 3}, "pk": 4, "model": "structure.appartenance"}, {"fields": {"promotion": 2, "etudiant": 6}, "pk": 5, "model": "structure.appartenance"}, {"fields": {"promotion": 6, "etudiant": 6}, "pk": 6, "model": "structure.appartenance"}, {"fields": {"prenom": "Junot", "telephone": "5093000000", "nom": "Cacoq", "email": "cj@esih.edu"}, "pk": 2, "model": "structure.professeur"}, {"fields": {"prenom": "Lys Junior", "telephone": "5093111111", "nom": "Pierre", "email": "plj@esih.edu"}, "pk": 3, "model": "structure.professeur"}, {"fields": {"prenom": "Richardson", "telephone": "5093222222", "nom": "Ciguene", "email": "cr@esih.edu"}, "pk": 4, "model": "structure.professeur"}, {"fields": {"prenom": "Crispin Ricardo", "telephone": "5093333333", "nom": "Millord", "email": "mcr@esih.edu"}, "pk": 5, "model": "structure.professeur"}, {"fields": {"prenom": "Gabriel", "telephone": "5093444444", "nom": "Duvalsaint", "email": "dg@esih.edu"}, "pk": 6, "model": "structure.professeur"}, {"fields": {"prenom": "Camille", "telephone": "5093555555", "nom": "Desire", "email": "dc@esih.edu"}, "pk": 7, "model": "structure.professeur"}, {"fields": {"prenom": "Willio", "telephone": "5093666666", "nom": "Saint Preux", "email": "spw@esih.edu"}, "pk": 8, "model": "structure.professeur"}, {"fields": {"nomMatiere": "Mathematiques"}, "pk": 1, "model": "structure.matiere"}, {"fields": {"nomMatiere": "Programmtion Fondamentale"}, "pk": 2, "model": "structure.matiere"}, {"fields": {"nomMatiere": "Programmation C/C++"}, "pk": 3, "model": "structure.matiere"}, {"fields": {"nomMatiere": "Python"}, "pk": 4, "model": "structure.matiere"}, {"fields": {"nomMatiere": "Analyse des Circuits"}, "pk": 5, "model": "structure.matiere"}, {"fields": {"nomMatiere": "Java"}, "pk": 6, "model": "structure.matiere"}, {"fields": {"nomMatiere": "SqlServer"}, "pk": 7, "model": "structure.matiere"}, {"fields": {"nomMatiere": "Windows Server"}, "pk": 8, "model": "structure.matiere"}, {"fields": {"nomMatiere": "Statistiques"}, "pk": 9, "model": "structure.matiere"}, {"fields": {"nomMatiere": "Initiation a la Comptabilite"}, "pk": 10, "model": "structure.matiere"}, {"fields": {"nomMatiere": "Linux"}, "pk": 11, "model": "structure.matiere"}, {"fields": {"professeur": 2, "promotion": 3, "heureFin": "12:00:00", "jourMatiere": "1", "matiere": 1, "heureDebut": "06:00:00"}, "pk": 1, "model": "structure.horaire"}, {"fields": {"professeur": 3, "promotion": 3, "heureFin": "12:00:00", "jourMatiere": "2", "matiere": 7, "heureDebut": "06:00:00"}, "pk": 2, "model": "structure.horaire"}, {"fields": {"professeur": 7, "promotion": 1, "heureFin": "12:00:00", "jourMatiere": "1", "matiere": 2, "heureDebut": "06:00:00"}, "pk": 3, "model": "structure.horaire"}, {"fields": {"professeur": 7, "promotion": 1, "heureFin": "12:00:00", "jourMatiere": "2", "matiere": 10, "heureDebut": "06:00:00"}, "pk": 4, "model": "structure.horaire"}, {"fields": {"nomSalle": "Salle 1"}, "pk": 1, "model": "structure.salle"}, {"fields": {"nomSalle": "Salle 2"}, "pk": 2, "model": "structure.salle"}, {"fields": {"nomSalle": "Salle 3"}, "pk": 3, "model": "structure.salle"}, {"fields": {"nomSalle": "Salle 4"}, "pk": 4, "model": "structure.salle"}, {"fields": {"nomSalle": "Salle 5"}, "pk": 5, "model": "structure.salle"}, {"fields": {"nomSalle": "Salle 6"}, "pk": 6, "model": "structure.salle"}, {"fields": {"nomSalle": "Salle 7"}, "pk": 7, "model": "structure.salle"}, {"fields": {"salle": 1, "promotion": 1}, "pk": 1, "model": "structure.usagesalle"}, {"fields": {"salle": 2, "promotion": 2}, "pk": 2, "model": "structure.usagesalle"}, {"fields": {"salle": 3, "promotion": 3}, "pk": 3, "model": "structure.usagesalle"}, {"fields": {"salle": 4, "promotion": 4}, "pk": 4, "model": "structure.usagesalle"}, {"fields": {"salle": 5, "promotion": 5}, "pk": 5, "model": "structure.usagesalle"}, {"fields": {"salle": 7, "promotion": 6}, "pk": 6, "model": "structure.usagesalle"}, {"fields": {"salle": 6, "promotion": 8}, "pk": 7, "model": "structure.usagesalle"}, {"fields": {"salle": 4, "promotion": 10}, "pk": 8, "model": "structure.usagesalle"}]